category,bigram,count
asian fusion,fried rice,42
asian fusion,handmade noodle,14
asian fusion,noodle soup,14
asian fusion,stir fried,14
asian fusion,traditional handmade,14
asian fusion,fish fillet,11
asian fusion,roll rainbow,11
asian fusion,shredded pork,11
asian fusion,tuna roll,9
asian fusion,egg tofu,8
asian fusion,spicy tuna,8
asian fusion,bbq pork,7
asian fusion,milk tea,7
asian fusion,rice noodle,7
asian fusion,salted pepper,7
asian fusion,shrimp tempura,7
asian fusion,black pepper,6
asian fusion,chow mein,6
asian fusion,cucumber roll,6
asian fusion,hong kong,6
asian fusion,kong style,6
asian fusion,lo mein,6
asian fusion,avocado roll,5
asian fusion,chicken fried,5
asian fusion,chinese broccoli,5
asian fusion,chinese eggplant,5
asian fusion,crab rangoon,5
asian fusion,crunchy shrimp,5
asian fusion,dragon roll,5
asian fusion,pan fried,5
asian fusion,party tray,5
asian fusion,pcs. sushi,5
asian fusion,california roll,5
bars,crust pizza,12
bars,thin crust,11
bars,deep dish,9
bars,dish pizza,8
bars,nova pizza,7
bars,include chips,5
bars,novo pizza,4
bars,special deep,4
bars,special thin,4
bars,caesar salad,3
bars,chicken parmesan,3
bars,chopped salad,3
bars,grilled chicken,3
bars,house salad,3
bars,italian sausage,3
bars,kid's grilled,3
bars,peanut butter,3
bars,catering chips,2
bars,antique taco,2
bars,avocado fries,2
bars,beef empanadas,2
bars,blue hill,2
bars,brickhouse special,2
bars,cauliflower salad,2
bars,cheese ravioli,2
bars,chicken fingers,2
bars,chicken sandwich,2
bars,chicken wings,2
bars,chocolate chip,2
bars,elmwood park,2
bars,fettuccine alfredo,2
bars,fried calamari,2
bars,garlic bread,2
bars,ground beef,2
bars,homemade meatball,2
bars,homemade ravioli,2
bars,japanese uni,2
bars,john's hawaiian,2
bars,kale salad,2
bbq,chicken wings,5
bbq,oyster sauce,5
bbq,pork belly,5
bbq,short rib,5
bbq,buckwheat noodles,4
bbq,lo mein,4
bbq,stone bowl,4
bbq,b.b.q pork,3
bbq,beef short,3
bbq,black tea,3
bbq,boneless short,3
bbq,charcoal broiled,3
bbq,cut pork,3
bbq,egg roll,3
bbq,fried dumplings,3
bbq,fried rice,3
bbq,hot pepper,3
bbq,in stone,3
bbq,mixed vegetables,3
bbq,paste in,3
bbq,pepper paste,3
bbq,pork collar,3
bbq,pulled pork,3
bbq,seafood pancake,3
bbq,shrimp kow,3
bbq,special cut,3
bbq,thinly sliced,3
bbq,wonton noodle,3
beergardens,bacon or,1
beergardens,bakehouse strata,1
beergardens,beans &,1
beergardens,beet salad,1
beergardens,cheese grits,1
beergardens,chevre salad,1
beergardens,egg sandwich,1
beergardens,english muffin,1
beergardens,farm egg,1
beergardens,french toast,1
beergardens,granola &,1
beergardens,house english,1
beergardens,kale &,1
beergardens,mixed greens,1
beergardens,or sausage,1
beergardens,quinoa porridge,1
beergardens,roasted vegetable,1
beergardens,seasonal soup,1
beergardens,toast &,1
beergardens,tomato &,1
beergardens,vegetable salad,1
breakfast brunch,gluten free,27
breakfast brunch,free dinner,26
breakfast brunch,grilled chicken,7
breakfast brunch,french toast,5
breakfast brunch,chicken breast,4
breakfast brunch,hand cut,4
breakfast brunch,platter gluten,4
breakfast brunch,taylor street,4
breakfast brunch,ahi tuna,3
breakfast brunch,breast sandwich,3
breakfast brunch,build your,3
breakfast brunch,buttermilk pancakes,3
breakfast brunch,caesar salad,3
breakfast brunch,chicken sandwich,3
breakfast brunch,french fries,3
breakfast brunch,greek town,3
breakfast brunch,grilled cheese,3
breakfast brunch,kabob wrap,3
breakfast brunch,kale salad,3
breakfast brunch,kid's grilled,3
breakfast brunch,low carb,3
breakfast brunch,maxwell street,3
breakfast brunch,peanut butter,3
breakfast brunch,pulled pork,3
breakfast brunch,salad gluten,3
breakfast brunch,street burger,3
breakfast brunch,street burrito,3
breakfast brunch,street omelette,3
breakfast brunch,the 18th,3
breakfast brunch,the bridgeport,3
breakfast brunch,the greek,3
breakfast brunch,the low,3
breakfast brunch,the marty,3
breakfast brunch,the maxwell,3
breakfast brunch,the taylor,3
breakfast brunch,your own,3
breakfast brunch,avocado fries,2
breakfast brunch,bacon wrapped,2
breakfast brunch,banyan kabob,2
breakfast brunch,beef empanadas,2
breakfast brunch,beef hash,2
breakfast brunch,blackened tuna,2
breakfast brunch,canadian bacon,2
breakfast brunch,cauliflower salad,2
breakfast brunch,chicken chipotle,2
breakfast brunch,chicken fingers,2
breakfast brunch,chicken wrap,2
british,drip coffee,2
british,'n' cheese,1
british,ale pie,1
british,balti pie,1
british,bubble cake,1
british,chicken balti,1
british,chicken salad,1
british,chutney sauce,1
british,cold pork,1
british,coriander chutney,1
british,curry chips,1
british,curry sauce,1
british,cut chips,1
british,deluxe gravy,1
british,farms salad,1
british,ginger fizz,1
british,grapefruit juice,1
british,gravy chips,1
british,gravy sauce,1
british,hand cut,1
british,kale pie,1
british,large drip,1
british,mac 'n',1
british,o' pickles,1
british,orange juice,1
british,pickled egg,1
british,pleasant farms,1
british,ploughman's plate,1
british,pork pie,1
british,pot o',1
british,premium steak,1
british,pub burger,1
british,rarebit mac,1
british,royal ginger,1
british,scotch egg,1
british,small drip,1
british,special pie,1
british,steak pasty,1
british,wee pot,1
british,welsh rarebit,1
bubble tea,milk tea,23
bubble tea,noodle soup,11
bubble tea,rice box,9
bubble tea,braised pork,7
bubble tea,black tea,6
bubble tea,egg waffle,5
bubble tea,green tea,5
bubble tea,spicy beef,5
bubble tea,winter melon,5
bubble tea,beef noodle,4
bubble tea,oolong tea,4
bubble tea,tea mousse,4
bubble tea,bowl of,3
bubble tea,green milk,3
bubble tea,ground pork,3
bubble tea,passion fruit,3
bubble tea,peach oolong,3
bubble tea,shredded chicken,3
bubble tea,square q,3
bubble tea,stir fried,3
bubble tea,tea latte,3
bubble tea,tendon noodle,3
bubble tea,aiyu jelly,2
bubble tea,basil fried,2
bubble tea,bbq pork,2
bubble tea,bean curd,2
bubble tea,belly rice,2
bubble tea,black forest,2
bubble tea,braised chicken,2
bubble tea,chicken leg,2
bubble tea,chicken over,2
bubble tea,chili sauce,2
bubble tea,chocolate milk,2
bubble tea,cold noodle,2
bubble tea,crispy bbq,2
bubble tea,crispy spiced,2
bubble tea,fried rice,2
bubble tea,grass jelly,2
bubble tea,homemade potstickers,2
bubble tea,in thick,2
burgers,burger combo,14
burgers,cheese slider,8
burgers,chicken sandwich,7
burgers,chicken tenders,6
burgers,slider combo,6
burgers,grilled cheese,5
burgers,potato stick,5
burgers,spiral potato,5
burgers,breakfast toast,4
burgers,buffalo chicken,4
burgers,cheese fries,4
burgers,classic burger,4
burgers,crave caseÂ®,4
burgers,french fries,4
burgers,grilled chicken,4
burgers,onion rings,4
burgers,slider crave,4
burgers,wings combo,4
burgers,a stick,3
burgers,ahi tuna,3
burgers,beef sandwich,3
burgers,belgian waffle,3
burgers,best veggie,3
burgers,build your,3
burgers,cajun chicken,3
burgers,cheese pizza,3
burgers,cheese sandwich,3
burgers,chicken wings,3
burgers,corned beef,3
burgers,cut fries,3
burgers,double cheeseburger,3
burgers,italian beef,3
burgers,meatball sandwich,3
burgers,mozzarella sticks,3
burgers,sausage sandwich,3
burgers,small french,3
burgers,soft drink,3
burgers,soft drinks,3
burgers,swiss butterburger,3
burgers,two breakfast,3
burgers,veggie burger,3
burgers,your own,3
cajun,lunch special,9
cajun,roasted chicken,8
cajun,cheesecake slice,6
cajun,chicken -,5
cajun,milk tea,5
cajun,big set,3
cajun,fried rice,3
cajun,jerk chicken,3
cajun,piece roasted,3
cajun,rice bowl,3
cajun,tikka masala,3
cajun,white fish,3
cajun,#NAME?,3
cajun,balsamic chicken,2
cajun,basil pesto,2
cajun,cajun catfish,2
cajun,cajun shrimp,2
cajun,canned soda,2
cajun,chef luciano's,2
cajun,chicken alfredo,2
cajun,chicken curry,2
cajun,chicken dinner,2
cajun,chicken lunch,2
cajun,chicken rice,2
cajun,chicken tikka,2
cajun,dinner salad,2
cajun,french fries,2
cajun,fried chicken,2
cajun,fried shrimp,2
cajun,fried white,2
cajun,ground turkey,2
cajun,head on,2
cajun,lb. head,2
cajun,lb. live,2
cajun,lb. snow,2
cajun,live crawfish,2
cajun,on shrimp,2
cajun,pesto spaghetti,2
cajun,piece fried,2
cajun,ramen set,2
cajun,shell crab,2
cajun,shrimp alfredo,2
cajun,side salad,2
cajun,#NAME?,2
cantonese,fried rice,75
cantonese,bbq pork,24
cantonese,chow mein,23
cantonese,egg foo,21
cantonese,bean curd,19
cantonese,chop suey,18
cantonese,foo young,18
cantonese,fish fillet,15
cantonese,stir fried,14
cantonese,xo sauce,13
cantonese,chinese broccoli,12
cantonese,garlic sauce,12
cantonese,pan fried,12
cantonese,black bean,11
cantonese,house special,11
cantonese,chicken fried,10
cantonese,family dinner,10
cantonese,hong kong,10
cantonese,kung pao,10
cantonese,pork chop,10
cantonese,black pepper,9
cantonese,dungeness crab,9
cantonese,noodle soup,9
cantonese,bean sauce,8
cantonese,beef chow,8
cantonese,corn soup,8
cantonese,crab rangoon,8
cantonese,egg yolk,8
cantonese,fried noodles,8
cantonese,in hot,8
cantonese,moo shu,8
cantonese,oyster sauce,8
cantonese,pepper sauce,8
cantonese,pork belly,8
cantonese,rice noodle,8
cantonese,sour pork,8
caribbean,red snapper,4
caribbean,chicken white,3
caribbean,jerk chicken,3
caribbean,brown stew,2
caribbean,chicken mixed,2
caribbean,jerk catfish,2
caribbean,beef patties,1
caribbean,broasted chicken,1
caribbean,candy yam,1
caribbean,cesar salad,1
caribbean,chardonnay salmon,1
caribbean,chicken dinner,1
caribbean,chicken wrap,1
caribbean,cilantro rice,1
caribbean,coconut shrimp,1
caribbean,combination mix,1
caribbean,cream soda,1
caribbean,curry chicken,1
caribbean,curry goat,1
caribbean,curry shrimp,1
caribbean,excoveitched red,1
caribbean,extra bread,1
caribbean,fry shrimp,1
caribbean,garden salad,1
caribbean,ginger beer,1
caribbean,jamaican soda,1
caribbean,jerk cesar,1
caribbean,jerk salad,1
caribbean,jerk salmon,1
caribbean,jerk sauce,1
caribbean,jerk shrimp,1
caribbean,jerk tilapia,1
caribbean,jerk wings,1
caribbean,piece mix,1
caribbean,pineapple cilantro,1
caribbean,pineapple jamaican,1
caribbean,potato wedges,1
caribbean,red beans,1
caribbean,salmon salad,1
caribbean,shrimp diner,1
caribbean,snapper escovitch,1
caribbean,soda can,1
caribbean,steamed cabbage,1
caribbean,steamed red,1
caribbean,stew chicken,1
chicken wings,wingstop crispy,10
chicken wings,fried chicken,7
chicken wings,pack feeds,7
chicken wings,piece chicken,7
chicken wings,crispy tenders,6
chicken wings,crispy tender,4
chicken wings,piece dinner,3
chicken wings,piece tenders,3
chicken wings,popcorn shrimp,3
chicken wings,seasoned fries,3
chicken wings,tenders dinner,3
chicken wings,wing combo,3
chicken wings,feeds 4-5,2
chicken wings,boneless wings,2
chicken wings,cajun fish,2
chicken wings,chicken combo,2
chicken wings,chicken strips,2
chicken wings,chicken wings,2
chicken wings,fried rice,2
chicken wings,house fried,2
chicken wings,lb popcorn,2
chicken wings,meal for,2
chicken wings,onion rings,2
chicken wings,po'boy sandwich,2
chicken wings,tender combo,2
chicken wings,tender pack,2
chicken wings,feeds 13+,1
chicken wings,feeds 5-6,1
chicken wings,feeds 6-8,1
chicken wings,feeds 6-9,1
chicken wings,feeds 9-13,1
chicken wings,add 5,1
chicken wings,apple pie,1
chicken wings,avocado ball,1
chicken wings,baked rolls,1
chicken wings,bonchon wrap,1
chicken wings,boneless wing,1
chicken wings,bottled water,1
chicken wings,boy sandwich,1
chicken wings,buffalo ranch,1
chicken wings,bull dak,1
chicken wings,bulls tender,1
chicken wings,caesar salad,1
chicken wings,cajun fries,1
chicken wings,#NAME?,1
chinese,fried rice,386
chinese,noodle soup,185
chinese,fish fillet,163
chinese,stir fried,143
chinese,chow mein,106
chinese,foo young,96
chinese,egg foo,94
chinese,bbq pork,92
chinese,black bean,87
chinese,pork chop,87
chinese,bean sauce,77
chinese,garlic sauce,75
chinese,rice noodle,70
chinese,kung pao,68
chinese,black pepper,57
chinese,shredded pork,57
chinese,lo mein,55
chinese,chop suey,54
chinese,deep fried,53
chinese,on rice,53
chinese,xo sauce,52
chinese,jumbo shrimp,48
chinese,mixed vegetables,47
chinese,string beans,47
chinese,bitter melon,46
chinese,party tray,46
chinese,steamed rice,45
coffee,combo set,25
coffee,fish fillet,22
coffee,pork chop,17
coffee,noodle soup,13
coffee,bean sauce,12
coffee,beef tenderloin,12
coffee,black bean,12
coffee,in spicy,12
coffee,sauce combo,12
coffee,fried rice,10
coffee,fatty beef,9
coffee,stir fried,9
coffee,xo sauce,9
coffee,black pepper,8
coffee,crispy fried,8
coffee,deep fried,8
coffee,pepper sauce,8
coffee,teriyaki sauce,8
coffee,assorted mushrooms,7
coffee,ca phe,7
coffee,mayonnaise sauce,7
coffee,pork neck,7
coffee,crispy deep,6
coffee,curry sauce,6
coffee,enoki mushroom,6
coffee,milk tea,6
coffee,pan fried,6
coffee,satay sauce,6
coffee,bitter melon,5
coffee,black milk,5
comedyclubs,big caesar..........serves,1
comedyclubs,billâ€ù thompson,1
comedyclubs,black jacks..........serves-2..........$5.95,1
comedyclubs,black jacks..........serves-4..........$9.95,1
comedyclubs,caesar..........serves 8-10..........$17.95,1
comedyclubs,call me,1
comedyclubs,da appetizers,1
comedyclubs,da hooch,1
comedyclubs,dinners include:,1
comedyclubs,donâ€™t call,1
comedyclubs,double black,1
comedyclubs,drink list,1
comedyclubs,frankieâ€™s feast,1
comedyclubs,hooch alcohol,1
comedyclubs,jimâ€ù colosimo,1
comedyclubs,little caesar..........serves-3-4.........$11.95,1
comedyclubs,little tramp,1
comedyclubs,martini list,1
comedyclubs,me chicken,1
comedyclubs,specialty drink,1
comedyclubs,the kingpin,1
comedyclubs,tramp shrimp..........serves-2..........$8.95,1
comedyclubs,wine list,1
convenience,boxed lunches,1
convenience,caesar salad,1
convenience,cheese platters,1
convenience,chicken salad,1
convenience,chicken sandwich,1
convenience,garden salad,1
convenience,greek salad,1
convenience,hot dog,1
convenience,meat &,1
convenience,rye bread,1
convenience,sandwich platters,1
convenience,specialty salad,1
convenience,tuna salad,1
convenience,tuna sandwich,1
convenience,veggie sandwich,1
convenience,wheat bread,1
convenience,wheat roll,1
convenience,white roll,1
cuban,cream cheese,2
cuban,bbq pork,1
cuban,black beans,1
cuban,buffalo chicken,1
cuban,cuban pork,1
cuban,cuban style,1
cuban,elote corn,1
cuban,guava cream,1
cuban,mamas nachos,1
cuban,nacho mamas,1
cuban,pineapple cream,1
cuban,roasted cuban,1
cuban,slow roasted,1
cuban,style black,1
cuban,three cheese,1
delis,hot sandwich,10
delis,cold sandwich,6
delis,cajun chicken,3
delis,chicken salad,3
delis,chicken tenders,3
delis,italian beef,3
delis,panino di,3
delis,beef sandwich,2
delis,beef sub,2
delis,billy boy,2
delis,boy sandwich,2
delis,breaded steak,2
delis,buffalo chicken,2
delis,cheese fries,2
delis,cheese sandwich,2
delis,chicken parmigiana,2
delis,chicken sandwich,2
delis,chicken vesuvio,2
delis,ciabatta bread,2
delis,garden salad,2
delis,garlic bread,2
delis,grilled cheese,2
delis,homemade meatball,2
delis,italian salad,2
delis,italian sausage,2
delis,italian sub,2
delis,lb. shrimp,2
delis,meatball sandwich,2
delis,mozzarella sticks,2
delis,on ciabatta,2
delis,over linguini,2
delis,sausage sandwich,2
delis,steak hot,2
delis,the billy,2
delis,a bun,1
delis,alfredo sauce,1
delis,alla scoglio,1
delis,american sub,1
delis,antipasta salad,1
desserts,mac &,2
desserts,all turf,1
desserts,amish chicken,1
desserts,arugula salad,1
desserts,au poivre,1
desserts,bÃ©arnaise sauce,1
desserts,baby iceberg,1
desserts,baby octopus,1
desserts,baked potato,1
desserts,berkshire pork,1
desserts,bone-in rib,1
desserts,bordelaise sauce,1
desserts,braised short,1
desserts,brick amish,1
desserts,brussels sprouts,1
desserts,can surf,1
desserts,cfh burger,1
desserts,cfh filet,1
desserts,chateaubriand for,1
desserts,chilled oysters,1
desserts,classic jumbo,1
desserts,crÃ¨me fraÃ®che,1
desserts,crab cakes,1
desserts,crab oscar,1
desserts,creamed spinach,1
desserts,de jonghe,1
desserts,dover sole,1
desserts,faroe island,1
desserts,filet flight,1
desserts,filet mignon,1
desserts,filet oscar,1
desserts,for two,1
desserts,fraÃ®che horseradish,1
desserts,french fries,1
desserts,fried calamari,1
desserts,garlic whipped,1
desserts,grilled baby,1
desserts,grilled jumbo,1
desserts,grilled skirt,1
desserts,half shell,1
desserts,horseradish sauce,1
desserts,iceberg wedge,1
desserts,island salmon,1
desserts,jumbo asparagus,1
desserts,jumbo shrimp,1
desserts,lamb lollipops,1
desserts,lobster bisque,1
desserts,lobster mac,1
dimsum,fried rice,81
dimsum,stir fried,45
dimsum,fish fillet,30
dimsum,black bean,26
dimsum,bean sauce,23
dimsum,bbq pork,21
dimsum,pan fried,21
dimsum,egg foo,20
dimsum,foo young,20
dimsum,brown sauce,18
dimsum,chinese broccoli,17
dimsum,xo sauce,17
dimsum,bean curd,16
dimsum,black pepper,16
dimsum,rice noodles,16
dimsum,chow mein,15
dimsum,bitter melon,14
dimsum,garlic sauce,14
dimsum,jumbo shrimp,14
dimsum,house special,13
dimsum,chop suey,12
dimsum,kung pao,12
dimsum,pork chop,12
dimsum,rice noodle,12
dimsum,in casserole,11
dimsum,lo mein,11
dimsum,oyster sauce,11
dimsum,pepper sauce,11
diners,or sausage,6
diners,chicken breast,4
diners,sausage served,4
diners,eye steak,3
diners,french toast,3
diners,grilled chicken,3
diners,quarter pounder,3
diners,rib eye,3
diners,ham bacon,2
diners,american cheese,2
diners,beef hash,2
diners,cheese dog,2
diners,chop steak,2
diners,chopped steak,2
diners,eggs 3,2
diners,fried chicken,2
diners,grilled american,2
diners,hot dog,2
diners,italian beef,2
diners,italian sausage,2
diners,muffins or,2
diners,all american,1
diners,american skillet,1
diners,american submarine,1
diners,any style,1
diners,apple juice,1
diners,b.l.t club,1
diners,bacon 2,1
diners,bacon 3,1
diners,#NAME?,1
divebars,chicken wings,2
divebars,jumbo chicken,2
divebars,smoked chicken,2
divebars,baby back,1
divebars,back ribs,1
divebars,bacon candy,1
divebars,banana puddding,1
divebars,beef brisket,1
divebars,black cherry,1
divebars,blt sandwich,1
divebars,bourbon sauce,1
divebars,bread muffins,1
divebars,brisket chili,1
divebars,brisket sandwich,1
divebars,butter pound,1
divebars,candied yams,1
divebars,cheese salad,1
divebars,chicken sandwich,1
divebars,corn bread,1
divebars,cream soda,1
divebars,delux platter,1
divebars,dinky dunkers,1
divebars,dunkers sandwich,1
divebars,filberts black,1
divebars,filberts cream,1
divebars,filberts orange,1
divebars,filberts real,1
divebars,filberts root,1
divebars,fresh coleslaw,1
divebars,fried green,1
divebars,fungi sandwich,1
divebars,garlic bread,1
divebars,garlic mashed,1
divebars,ginger beer,1
divebars,girlfriend salad,1
divebars,goat cheese,1
divebars,green tomato,1
divebars,green tomatoes,1
divebars,hot link,1
divebars,hot links,1
divebars,links sandwich,1
divebars,louis ribs,1
divebars,mashed potatoes,1
divebars,oz. texas,1
divebars,peach cobbler,1
divebars,pork sandwich,1
foodstands,fried rice,4
foodstands,chicken plate,3
foodstands,panang curry,3
foodstands,basil leaves,2
foodstands,cashew chicken,2
foodstands,crab rangoon,2
foodstands,egg rolls,2
foodstands,green curry,2
foodstands,pad curry,2
foodstands,pad ginger,2
foodstands,pad see,2
foodstands,pad thai,2
foodstands,see ewe,2
foodstands,spicy basil,2
foodstands,thai iced,2
foodstands,thai panang,2
foodstands,vegetable egg,2
foodstands,a blanket,1
foodstands,basil fried,1
foodstands,beef plate,1
foodstands,beef salad,1
foodstands,bodhi vegetables,1
foodstands,bottled water,1
foodstands,brown rice,1
foodstands,chef special,1
foodstands,chicken soup,1
foodstands,clay pot,1
foodstands,crab fried,1
foodstands,crispy fried,1
foodstands,curry beef,1
foodstands,curry fried,1
foodstands,curry noodles,1
foodstands,curry seafood,1
foodstands,curry vegetable,1
foodstands,fried tofu,1
foodstands,garlic prawns,1
foodstands,ginger tofu,1
foodstands,ginger wings,1
foodstands,grilled pork,1
foodstands,herbal chicken,1
foodstands,honey ginger,1
foodstands,iced coffee,1
foodstands,iced tea,1
foodstands,in a,1
foodstands,jasmine rice,1
foodstands,kha kai,1
foodstands,khee mao,1
foodstands,lard na,1
foodstands,lemongrass chicken,1
foodtrucks,crispy chicken,3
foodtrucks,garlic butter,3
foodtrucks,cheese ginoritos,2
foodtrucks,chicken taco,2
foodtrucks,gym shoe,2
foodtrucks,or not,1
foodtrucks,all american,1
foodtrucks,aloe vera,1
foodtrucks,amber's fire,1
foodtrucks,american cheeseburger,1
foodtrucks,beef chicago,1
foodtrucks,bottled water,1
foodtrucks,butter cheddar,1
foodtrucks,butter cheese,1
foodtrucks,can soda,1
foodtrucks,cheddar fries,1
foodtrucks,cheese or,1
foodtrucks,cheese fries,1
foodtrucks,cheesy nuggets,1
foodtrucks,chicago polish,1
foodtrucks,chicago style,1
foodtrucks,chicken tenders,1
foodtrucks,chip cookie,1
foodtrucks,chocolate brownie,1
foodtrucks,chocolate chip,1
foodtrucks,corned beef,1
foodtrucks,crystal's favorite,1
foodtrucks,cut fries,1
foodtrucks,fancy steak,1
foodtrucks,favorite chocolate,1
foodtrucks,fire nachos,1
foodtrucks,fresh cut,1
foodtrucks,gino's all,1
foodtrucks,gino's cheesy,1
foodtrucks,gino's chocolate,1
foodtrucks,gino's crispy,1
foodtrucks,gino's salad,1
foodtrucks,ginos crispy,1
foodtrucks,grandma gino's,1
foodtrucks,grape king,1
foodtrucks,grilled cheese,1
foodtrucks,gryo trash,1
foodtrucks,gyro trash,1
foodtrucks,jose taco,1
grocery,boxed lunches,1
grocery,caesar salad,1
grocery,cheese platters,1
grocery,chicken salad,1
grocery,chicken sandwich,1
grocery,garden salad,1
grocery,greek salad,1
grocery,hot dog,1
grocery,meat &,1
grocery,rye bread,1
grocery,sandwich platters,1
grocery,specialty salad,1
grocery,tuna salad,1
grocery,tuna sandwich,1
grocery,veggie sandwich,1
grocery,wheat bread,1
grocery,wheat roll,1
grocery,white roll,1
hotdog,bottled drink,1
hotdog,can soda,1
hotdog,chicken wings,1
hotdog,chop sandwich,1
hotdog,double cheeseburger,1
hotdog,fruit cup,1
hotdog,hot dog,1
hotdog,mixed fruit,1
hotdog,oz. bottled,1
hotdog,oz. can,1
hotdog,piece chicken,1
hotdog,pork chop,1
hotdogs,cheese slider,8
hotdogs,piece chicken,8
hotdogs,slider combo,6
hotdogs,breakfast toast,4
hotdogs,crave caseÂ®,4
hotdogs,slider crave,4
hotdogs,a stick,3
hotdogs,chicken breast,3
hotdogs,chicken tenders,3
hotdogs,french fries,3
hotdogs,onion rings,3
hotdogs,piece dinner,3
hotdogs,piece tenders,3
hotdogs,small french,3
hotdogs,swiss butterburger,3
hotdogs,tenders dinner,3
hotdogs,two breakfast,3
hotdogs,atlantic cod,2
hotdogs,bacon deluxe,2
hotdogs,beef pot,2
hotdogs,belgian waffle,2
hotdogs,bottled water,2
hotdogs,breakfast slider,2
hotdogs,breast slider,2
hotdogs,cajun fish,2
hotdogs,chicken ring,2
hotdogs,chicken rings,2
hotdogs,chicken sandwich,2
hotdogs,chicken slider,2
hotdogs,chocolate milk,2
hotdogs,crinkle cut,2
hotdogs,crispy chicken,2
hotdogs,cut fries,2
hotdogs,double cheese,2
hotdogs,fish slider,2
hotdogs,fresh frozen,2
hotdogs,frozen custard,2
hotdogs,garden fresco,2
hotdogs,green beans,2
hotdogs,grilled chicken,2
hotdogs,hot tea,2
hotdogs,jalapeno cheese,2
hotdogs,lb popcorn,2
hotdogs,mashed potatoes,2
hotpot,chicken wings,2
hotpot,meat pie,2
hotpot,beef aorta,1
hotpot,beef backstraps,1
hotpot,beef noodle,1
hotpot,black iced,1
hotpot,chicken broth,1
hotpot,chongqing spicy,1
hotpot,coconut milk,1
hotpot,cold noodles,1
hotpot,cold ribbon,1
hotpot,cooked chicken,1
hotpot,cucumber salad,1
hotpot,fern root,1
hotpot,fish tofu,1
hotpot,flat bread,1
hotpot,fried chicken,1
hotpot,fried dumplings,1
hotpot,fried mini,1
hotpot,fried rice,1
hotpot,griddle cooked,1
hotpot,grilled bun,1
hotpot,grilled fish,1
hotpot,herbal tea,1
hotpot,iced tea,1
hotpot,lamb kebab,1
hotpot,lamb leg,1
hotpot,lamb ribs,1
hotpot,mini buns,1
hotpot,mongolian meat,1
hotpot,noodle salad,1
hotpot,noodle soup,1
hotpot,pork meat,1
hotpot,pork sausage,1
hotpot,potato slices,1
hotpot,ribbon noodle,1
hotpot,root noodles,1
hotpot,scallion pancake,1
hotpot,sesame flat,1
hotpot,shredded spicy,1
hotpot,sour fern,1
hotpot,spicy noodles,1
hotpot,spicy potato,1
hotpot,squid body,1
hotpot,sweet corn,1
icecream,chicken tenders,3
icecream,swiss butterburger,3
icecream,atlantic cod,2
icecream,bacon deluxe,2
icecream,beef pot,2
icecream,chicken sandwich,2
icecream,chocolate milk,2
icecream,crinkle cut,2
icecream,cut fries,2
icecream,fresh frozen,2
icecream,frozen custard,2
icecream,garden fresco,2
icecream,mushroom &,2
icecream,north atlantic,2
icecream,of fresh,2
icecream,pc. chicken,2
icecream,pot roast,2
icecream,single butterburger,2
icecream,single culverâ€™s,2
icecream,tea or,2
icecream,the culverâ€™s,2
icecream,the single,2
icecream,bacon bleu,1
icecream,banana split,1
icecream,beer floats,1
icecream,cake cone,1
icecream,caramel cashew,1
icecream,cheddar butterburger,1
icecream,cheddar frie,1
icecream,cheddar or,1
icecream,cheese curds,1
icecream,chicken cashew,1
icecream,chili cheddar,1
icecream,chocolate or,1
icecream,chocolate syrup,1
icecream,choice of,1
icecream,chopped stea,1
icecream,classic drinks,1
icecream,classic side,1
icecream,classic sides,1
icecream,cod filet,1
icecream,concrete mixers,1
icecream,cone or,1
icecream,corn dog,1
icecream,cranberry bacon,1
indian pakistan,lunch special,9
indian pakistan,roasted chicken,8
indian pakistan,chicken -,5
indian pakistan,chicken tikka,3
indian pakistan,jerk chicken,3
indian pakistan,piece roasted,3
indian pakistan,rice bowl,3
indian pakistan,tikka masala,3
indian pakistan,white fish,3
indian pakistan,balsamic chicken,2
indian pakistan,cajun catfish,2
indian pakistan,cajun shrimp,2
indian pakistan,canned soda,2
indian pakistan,chef luciano's,2
indian pakistan,chicken alfredo,2
indian pakistan,chicken curry,2
indian pakistan,chicken dinner,2
indian pakistan,chicken lunch,2
indian pakistan,chicken rice,2
indian pakistan,dinner salad,2
indian pakistan,fried chicken,2
indian pakistan,fried white,2
indian pakistan,ground turkey,2
indian pakistan,piece fried,2
indian pakistan,shrimp alfredo,2
indian pakistan,side salad,2
indian pakistan,turkey bolognese,2
indian pakistan,turkey rice,2
indian pakistan,alfredo lunch,1
indian pakistan,baked cookie,1
indian pakistan,battered shrimp,1
indian pakistan,bbq chicken,1
indian pakistan,beef roll,1
indian pakistan,beer battered,1
indian pakistan,black beans,1
indian pakistan,bottle of,1
indian pakistan,broccoli olivio,1
indian pakistan,brussel sprouts,1
indian pakistan,caesar dinner,1
indian pakistan,caesar salad,1
indian pakistan,caesar side,1
italian,crust pizza,16
italian,thin crust,16
italian,italian beef,13
italian,deep dish,12
italian,italian sausage,11
italian,dish pizza,10
italian,hot sandwich,10
italian,lunch special,9
italian,chicken parmesan,8
italian,pizza special,8
italian,roasted chicken,8
italian,beef sandwich,7
italian,cheese pizza,7
italian,nova pizza,7
italian,bbq chicken,6
italian,caesar salad,6
italian,cold sandwich,6
italian,grilled chicken,6
italian,house salad,6
italian,buffalo chicken,5
italian,chicken -,5
italian,chopped salad,5
italian,garlic bread,5
italian,italian meat,5
italian,meat loverz,5
italian,veggie pizza,5
italian,chicken parmigiana,4
italian,chicken vesuvio,4
italian,double dough,4
italian,dough pizza,4
italian,eggplant parmesan,4
italian,fried chicken,4
italian,large italian,4
italian,loverz pizza,4
italian,margherita pizza,4
italian,novo pizza,4
italian,parmigiana sandwich,4
italian,special deep,4
italian,special pizza,4
italian,special thin,4
italian,super pizza,4
italian,your own,4
italian,#NAME?,3
japanese,white tuna,10
japanese,tuna roll,9
japanese,tempura roll,8
japanese,avocado roll,6
japanese,cucumber roll,6
japanese,shrimp tempura,6
japanese,avo roll,5
japanese,miso soup,5
japanese,dragon roll,4
japanese,j roll,4
japanese,philly roll,4
japanese,spicy tuna,4
japanese,sweet potato,4
japanese,vegetable tempura,4
japanese,salmon roll,3
japanese,scallop roll,3
japanese,spider roll,3
japanese,super white,3
japanese,asparagus roll,2
japanese,california roll,2
japanese,creamy roll,2
japanese,creamy scallop,2
japanese,crunchy roll,2
japanese,dragon maki,2
japanese,dragon rock,2
japanese,fresh philly,2
japanese,hamachi roll,2
japanese,kampyo roll,2
japanese,kyu roll,2
japanese,nama sake,2
japanese,potato roll,2
japanese,rainbow roll,2
japanese,rock shrimp,2
japanese,rock tempura,2
japanese,roll combo,2
japanese,sake sashimi,2
japanese,sake sushi,2
japanese,salmon avocado,2
japanese,salmon skin,2
japanese,seaweed salad,2
japanese,shell crab,2
japanese,skin roll,2
japanese,soft shell,2
japanese,spicy crab,2
japanese,spicy miso,2
japanese,spicy salmon,2
japanese,spicy scallop,2
japanese,spicy white,2
japanese,tekka don,2
juice bars,brown sauce,18
juice bars,fried rice,18
juice bars,egg foo,15
juice bars,foo young,15
juice bars,lo mein,12
juice bars,party tray,11
juice bars,chow mein,7
juice bars,egg roll,7
juice bars,soup noodle,7
juice bars,stewed pork,7
juice bars,stir-fried pork,7
juice bars,entrees party,6
juice bars,fish fillet,6
juice bars,home style,6
juice bars,pork dumpling,6
juice bars,shredded pork,6
juice bars,stewed beef,6
juice bars,cumin flavor,5
juice bars,fried fish,5
juice bars,fried shrimp,5
juice bars,garlic sauce,5
juice bars,noodle soup,5
juice bars,sliced potato,5
juice bars,sour sauce,5
juice bars,spicy sauce,5
juice bars,stir -fried,5
juice bars,stir-fried beef,5
juice bars,bbq pork,4
juice bars,bean curd,4
juice bars,in brown,4
korean,pork belly,10
korean,fried chicken,7
korean,seafood pancake,5
korean,short rib,5
korean,stir fried,5
korean,buckwheat noodles,4
korean,fried rice,4
korean,house made,4
korean,kimchi pancake,4
korean,korean juice,4
korean,stone bowl,4
korean,cake fish,3
korean,ahjoomah's apron,3
korean,apron gift,3
korean,beef short,3
korean,boneless short,3
korean,charcoal broiled,3
korean,chicken wings,3
korean,chigae soup,3
korean,cut pork,3
korean,fried squid,3
korean,gift card,3
korean,hot pepper,3
korean,in stone,3
korean,jun-gol for,3
korean,korean rice,3
korean,mixed vegetables,3
korean,paste in,3
korean,pepper paste,3
korean,pork collar,3
korean,special cut,3
korean,thinly sliced,3
korean,bean porridge,2
korean,beef broth,2
korean,chicken combo,2
korean,chicken strips,2
korean,chilled beef,2
korean,cod fish,2
korean,fresh cod,2
korean,fried dumplings,2
korean,fried pork,2
korean,house fried,2
latin,cream cheese,2
latin,bbq pork,1
latin,black beans,1
latin,buffalo chicken,1
latin,cuban pork,1
latin,cuban style,1
latin,elote corn,1
latin,guava cream,1
latin,mamas nachos,1
latin,nacho mamas,1
latin,pineapple cream,1
latin,roasted cuban,1
latin,slow roasted,1
latin,style black,1
latin,three cheese,1
mediterranean,gluten free,27
mediterranean,free dinner,26
mediterranean,grilled chicken,11
mediterranean,salad bowl,8
mediterranean,chicken shawarma,6
mediterranean,shawarma wrap,5
mediterranean,falafel wrap,4
mediterranean,kabob wrap,4
mediterranean,platter gluten,4
mediterranean,shawarma platter,4
mediterranean,chicken breast,3
mediterranean,grilled kafta,3
mediterranean,grilled shrimp,3
mediterranean,grilled steak,3
mediterranean,grilled vegetable,3
mediterranean,kafta kabob,3
mediterranean,kebab platter,3
mediterranean,lentil soup,3
mediterranean,salad gluten,3
mediterranean,shrimp skewer,3
mediterranean,steak shawarma,3
mediterranean,tabouli salad,3
mediterranean,vegetable skewer,3
mediterranean,shawarma kebab,2
mediterranean,banyan kabob,2
mediterranean,braised lamb,2
mediterranean,cheese salad,2
mediterranean,chicken kebab,2
mediterranean,coffee dinner,2
mediterranean,doner shawarma,2
mediterranean,falafel platter,2
mediterranean,goose island,2
mediterranean,grilled beef,2
mediterranean,herb fries,2
mediterranean,hummus gluten,2
mediterranean,kabob gluten,2
mediterranean,kabob platter,2
mediterranean,kalamata sauce,2
mediterranean,salad dinner,2
mediterranean,salmon salad,2
mediterranean,sampler dinner,2
mediterranean,shawarma salad,2
mediterranean,skewer platter,2
mediterranean,skewer salad,2
mediterranean,skewer wrap,2
mediterranean,squash gluten,2
mexican,ground beef,20
mexican,taco dinner,19
mexican,de camaron,10
mexican,grilled veggie,10
mexican,mexican sausage,10
mexican,vegan grilled,10
mexican,al mojo,9
mexican,la mexicana,9
mexican,mojo de,9
mexican,skirt steak,9
mexican,burrito suizo,8
mexican,de ajo,8
mexican,vegan chorizo,8
mexican,vegan ground,8
mexican,al pastor,7
mexican,con chorizo,7
mexican,de pollo,7
mexican,huevos con,7
mexican,chicken breast,6
mexican,de gallo,6
mexican,fajitas de,6
mexican,or sausage,6
mexican,pico de,6
mexican,small side,6
mexican,sour cream,6
mexican,vegan cheese,6
mexican,avocado taco,5
mexican,beef burrito,5
mexican,beef stew,5
mexican,camarones al,5
mexican,carne asada,5
mexican,chiles rellenos,5
mexican,en salsa,5
mexican,grilled chicken,5
mexican,pork stew,5
mexican,queso fundido,5
mexican,spiced pork,5
mexican,taco salad,5
mexican,burrito dinner,4
mexican,chicken soup,4
mexican,chorizo taco,4
mexican,de pescado,4
mexican,egg taco,4
mexican,filete de,4
mexican,la diabla,4
middle eastern,gluten free,27
middle eastern,free dinner,26
middle eastern,platter gluten,4
middle eastern,kabob wrap,3
middle eastern,salad gluten,3
middle eastern,banyan kabob,2
middle eastern,coffee dinner,2
middle eastern,hummus gluten,2
middle eastern,kabob gluten,2
middle eastern,salad dinner,2
middle eastern,sampler dinner,2
middle eastern,shawarma wrap,2
middle eastern,squash gluten,2
middle eastern,tabouli salad,2
middle eastern,tea dinner,2
middle eastern,ground beef,1
middle eastern,angus beef,1
middle eastern,any entree,1
middle eastern,any two,1
middle eastern,arabian night,1
middle eastern,arabic mint,1
middle eastern,assortment of,1
middle eastern,baba ganoush,1
middle eastern,bacon wrapped,1
middle eastern,baklava dinner,1
middle eastern,bean dip,1
middle eastern,beef gluten,1
middle eastern,beef rib-eye,1
middle eastern,beef shawarma,1
middle eastern,black angus,1
middle eastern,blackened tuna,1
middle eastern,bread pudding,1
middle eastern,brie potatoes,1
middle eastern,burger dinner,1
middle eastern,butternut squash,1
middle eastern,cake dinner,1
middle eastern,calamari dinner,1
middle eastern,can of,1
middle eastern,cappuccino dinner,1
middle eastern,cayenne wedges,1
middle eastern,ceviche gluten,1
middle eastern,cheese dinner,1
mongolian,chicken wings,2
mongolian,meat pie,2
mongolian,beef aorta,1
mongolian,beef backstraps,1
mongolian,beef noodle,1
mongolian,black iced,1
mongolian,chicken broth,1
mongolian,chongqing spicy,1
mongolian,coconut milk,1
mongolian,cold noodles,1
mongolian,cold ribbon,1
mongolian,cooked chicken,1
mongolian,cucumber salad,1
mongolian,fern root,1
mongolian,fish tofu,1
mongolian,flat bread,1
mongolian,fried chicken,1
mongolian,fried dumplings,1
mongolian,fried mini,1
mongolian,fried rice,1
mongolian,griddle cooked,1
mongolian,grilled bun,1
mongolian,grilled fish,1
mongolian,herbal tea,1
mongolian,iced tea,1
mongolian,lamb kebab,1
mongolian,lamb leg,1
mongolian,lamb ribs,1
mongolian,mini buns,1
mongolian,mongolian meat,1
mongolian,noodle salad,1
mongolian,noodle soup,1
mongolian,pork meat,1
mongolian,pork sausage,1
mongolian,potato slices,1
mongolian,ribbon noodle,1
mongolian,root noodles,1
mongolian,scallion pancake,1
mongolian,sesame flat,1
mongolian,shredded spicy,1
mongolian,sour fern,1
mongolian,spicy noodles,1
mongolian,spicy potato,1
mongolian,squid body,1
mongolian,sweet corn,1
new american,grilled chicken,10
new american,chicken breast,8
new american,french toast,8
new american,or sausage,8
new american,caesar salad,5
new american,chicken sandwich,5
new american,buttermilk pancakes,4
new american,cream cheese,4
new american,english muffin,4
new american,french fries,4
new american,maxwell street,4
new american,sausage served,4
new american,bacon or,3
new american,bbq chicken,3
new american,beef hash,3
new american,breast sandwich,3
new american,buffalo chicken,3
new american,cheese pizza,3
new american,chicken caesar,3
new american,chicken wings,3
new american,eye steak,3
new american,greek town,3
new american,hand cut,3
new american,italian beef,3
new american,italian sausage,3
new american,kid's grilled,3
new american,low carb,3
new american,peanut butter,3
new american,quarter pounder,3
new american,rib eye,3
new american,street burger,3
new american,street burrito,3
new american,street omelette,3
new american,taylor street,3
new american,the 18th,3
new american,the bridgeport,3
new american,the greek,3
new american,the low,3
new american,the marty,3
new american,the maxwell,3
new american,the taylor,3
new american,american cheese,2
noodles,fresh fruit,46
noodles,milk tea,37
noodles,fruit freeze,33
noodles,fried rice,31
noodles,noodle soup,29
noodles,flavored tea,25
noodles,stir fried,16
noodles,green milk,14
noodles,jelly freeze,14
noodles,xo sauce,14
noodles,lychee jelly,13
noodles,black milk,12
noodles,green flavored,12
noodles,beef &,11
noodles,black bean,11
noodles,black flavored,11
noodles,fruit topping,11
noodles,mini pearl,11
noodles,pearl freeze,11
noodles,banh mi,10
noodles,beef brisket,9
noodles,bowl rice,9
noodles,fish fillet,9
noodles,stone bowl,9
noodles,bean sauce,8
noodles,chicken &,8
noodles,coconut green,8
noodles,grilled lemongrass,8
noodles,kung pao,8
noodles,lemon grass,8
noodles,bitter melon,7
noodles,string beans,7
noodles,tapioca freeze,7
noodles,bbq pork,6
noodles,chow mein,6
noodles,egg roll,6
noodles,green tapioca,6
noodles,pork chops,6
noodles,red bean,6
Pan-Asian,fresh fruit,46
Pan-Asian,milk tea,35
Pan-Asian,fruit freeze,33
Pan-Asian,flavored tea,25
Pan-Asian,fried rice,14
Pan-Asian,green milk,14
Pan-Asian,jelly freeze,14
Pan-Asian,lychee jelly,13
Pan-Asian,black milk,12
Pan-Asian,green flavored,12
Pan-Asian,black flavored,11
Pan-Asian,fruit topping,11
Pan-Asian,mini pearl,11
Pan-Asian,noodle soup,11
Pan-Asian,pearl freeze,11
Pan-Asian,bowl rice,9
Pan-Asian,stone bowl,9
Pan-Asian,coconut green,8
Pan-Asian,lemon grass,8
Pan-Asian,tapioca freeze,7
Pan-Asian,green tapioca,6
Pan-Asian,berry freeze,5
Pan-Asian,hot plate,5
Pan-Asian,red bean,5
Pan-Asian,sea eel,5
Pan-Asian,shrimp fried,5
Pan-Asian,baked rice,4
Pan-Asian,bean coconut,4
Pan-Asian,beef cubes,4
Pan-Asian,chinese broccoli,4
Pan-Asian,fruit fresh,4
Pan-Asian,honey dew,4
Pan-Asian,korean spicy,4
Pan-Asian,kung pao,4
Pan-Asian,red curry,4
Pan-Asian,shrimp &,4
Pan-Asian,strawberry fresh,4
Pan-Asian,string bean,4
Pan-Asian,thai red,4
Pan-Asian,thai spicy,4
Pan-Asian,winter melon,4
Pan-Asian,chicken fried,3
pizza,crust pizza,18
pizza,thin crust,18
pizza,deep dish,13
pizza,italian beef,12
pizza,calzone tray,11
pizza,cheese pizza,11
pizza,snow crab,11
pizza,bbq chicken,10
pizza,caesar salad,10
pizza,dish pizza,10
pizza,italian sausage,10
pizza,buffalo chicken,9
pizza,chicken wings,9
pizza,chicken parmesan,8
pizza,chicken pizza,8
pizza,pizza special,8
pizza,garlic bread,7
pizza,grilled chicken,7
pizza,king crab,7
pizza,nova pizza,7
pizza,red king,7
pizza,veggie pizza,7
pizza,chopped salad,6
pizza,house salad,6
pizza,your own,6
pizza,chicken calzone,5
pizza,chicken sandwich,5
pizza,cocktail claws,5
pizza,crab cocktail,5
pizza,for 20,5
pizza,italian meat,5
pizza,margherita pizza,5
pizza,meat loverz,5
pizza,meatball sandwich,5
pizza,party tray,5
pizza,special pizza,5
pizza,bairdi snow,4
pizza,beef sandwich,4
pizza,create your,4
pizza,double dough,4
pizza,dough pizza,4
pizza,eggplant parmesan,4
pizza,jalapeno poppers,4
polish,add an,1
polish,an extra,1
polish,banchan plate,1
polish,belly bowl,1
polish,bi bim,1
polish,bim noods,1
polish,bing bong,1
polish,bong bowl,1
polish,chap chae,1
polish,dressed fries,1
polish,extra serving,1
polish,kimski poutine,1
polish,ko-po beef,1
polish,kopo wangs,1
polish,mariaâ€™s standard,1
polish,mizeria chap,1
polish,of polish,1
polish,or pork,1
polish,polish or,1
polish,pork belly,1
polish,pork to,1
polish,potato pancakes,1
polish,princess pierogis,1
polish,sausage plate,1
polish,scallion potato,1
polish,serving of,1
polish,to anything.,1
pubs,build your,2
pubs,drip coffee,2
pubs,your own,2
pubs,'n' cheese,1
pubs,a blanket,1
pubs,ala plancha,1
pubs,ale pie,1
pubs,anchors away,1
pubs,avocado rolls,1
pubs,away fish,1
pubs,bacon wrapped,1
pubs,balti pie,1
pubs,beef sandwich,1
pubs,blackened tuna,1
pubs,boneless tenders,1
pubs,breakfast poutine,1
pubs,bubble cake,1
pubs,buffalo chicken,1
pubs,burger 9,1
pubs,butter southern,1
pubs,cabbage slaw,1
pubs,caesar salad,1
pubs,cake sandwich,1
pubs,california dreaming,1
pubs,cheese marinara,1
pubs,chicago philly,1
pubs,chicken avocado,1
pubs,chicken balti,1
pubs,chicken risotto,1
pubs,chicken salad,1
pubs,chicken sandwich,1
pubs,chicken wings,1
pubs,chicken wrap,1
pubs,chutney sauce,1
pubs,cold pork,1
pubs,coriander chutney,1
pubs,crab cake,1
pubs,crab cakes,1
pubs,curry chips,1
pubs,curry sauce,1
pubs,cut chips,1
pubs,deluxe gravy,1
pubs,dip trio,1
ramen,kuro buta,4
ramen,rice bowl,4
ramen,bone broth,2
ramen,buta sausage,2
ramen,dipping noodle,1
ramen,duck breast,1
ramen,ajitsuke tamago,1
ramen,bacon bits,1
ramen,beef tongue,1
ramen,bomb rice,1
ramen,buta belly,1
ramen,buta yakisoba,1
ramen,buto loin,1
ramen,cat rice,1
ramen,clam rice,1
ramen,coppa 3,1
ramen,crab yakisoba,1
ramen,da bomb,1
ramen,duck chazuke,1
ramen,ear salad,1
ramen,hot sauce,1
ramen,japanese cider,1
ramen,kamo yakisoba,1
ramen,kuro buto,1
ramen,lover rice,1
ramen,meat lover,1
ramen,minced pork,1
ramen,of white,1
ramen,oshinko moriawase,1
ramen,pork bone,1
ramen,pork skins,1
ramen,sasa dango,1
ramen,sausage chazuke,1
ramen,sausage yakisoba,1
ramen,spicy cat,1
ramen,spicy crab,1
ramen,sriracha broccoli,1
ramen,string beans,1
ramen,table hot,1
ramen,toasted garlic,1
ramen,tsukemen dipping,1
ramen,turkey bone,1
ramen,turkey chazuke,1
ramen,turkey yakisoba,1
salad,fried chicken,7
salad,ahi tuna,3
salad,beef hash,2
salad,chicken combo,2
salad,chicken strips,2
salad,chicken wings,2
salad,corned beef,2
salad,french fries,2
salad,fried rice,2
salad,house fried,2
salad,mac &,2
salad,seasoned fries,2
salad,all turf,1
salad,amish chicken,1
salad,ancient grains,1
salad,arugula salad,1
salad,au poivre,1
salad,avocado ball,1
salad,ay caramba!,1
salad,bÃ©arnaise sauce,1
salad,baby iceberg,1
salad,baby octopus,1
salad,bacon sausage,1
salad,baked potato,1
salad,balsamic roasted,1
salad,bean burger,1
salad,beet &,1
salad,belgian waffle,1
salad,berkshire pork,1
salad,big fork,1
salad,black bean,1
salad,bonchon wrap,1
salad,bone-in rib,1
salad,bordelaise sauce,1
salad,bourbon bacon,1
salad,braised short,1
salad,brick amish,1
salad,brussels sprouts,1
salad,build your,1
salad,bull dak,1
salad,burger your,1
salad,caesar salad,1
salad,cage free,1
salad,can surf,1
salad,canadian bacon,1
sandwiches,pc. chicken,20
sandwiches,chicken tenders,14
sandwiches,chicken wings,14
sandwiches,corned beef,6
sandwiches,pizza puff,6
sandwiches,beef sub,5
sandwiches,chicken salad,5
sandwiches,cheese fries,4
sandwiches,dinner portion,4
sandwiches,italian salad,4
sandwiches,buffalo chicken,3
sandwiches,caesar salad,3
sandwiches,cajun chicken,3
sandwiches,chef lucianoâ€™s,3
sandwiches,crispy chicken,3
sandwiches,el salvador,3
sandwiches,garlic butter,3
sandwiches,grilled cheese,3
sandwiches,gym shoe,3
sandwiches,italian beef,3
sandwiches,mozzarella sticks,3
sandwiches,on pita,3
sandwiches,onion rings,3
sandwiches,pita bread,3
sandwiches,pretzel crisp,3
sandwiches,red velvet,3
sandwiches,turkey burger,3
sandwiches,a dinner,2
sandwiches,balsamic chicken,2
sandwiches,beef sandwich,2
sandwiches,billy boy,2
sandwiches,boy sandwich,2
sandwiches,breaded steak,2
sandwiches,cajun catfish,2
sandwiches,cajun shrimp,2
sandwiches,can pop,2
sandwiches,cheese ginoritos,2
sandwiches,cheese sandwich,2
sandwiches,chicken alfredo,2
sandwiches,#NAME?,2
seafood,fried rice,91
seafood,fish fillet,34
seafood,noodle soup,24
seafood,bbq pork,21
seafood,soup dinner,20
seafood,garlic sauce,19
seafood,sauce dinner,19
seafood,brown sauce,18
seafood,egg foo,18
seafood,foo young,15
seafood,pan fried,15
seafood,pork chop,15
seafood,shredded chicken,14
seafood,fried noodles,13
seafood,stir fried,13
seafood,black bean,12
seafood,black pepper,12
seafood,chop suey,12
seafood,hong kong,12
seafood,bitter melon,11
seafood,rice dinner,11
seafood,xo sauce,11
seafood,chicken fried,10
seafood,chow mein,10
seafood,corn soup,10
seafood,crab rangoon,10
seafood,dungeness crab,10
seafood,fried shrimp,10
seafood,kong style,10
seafood,pepper sauce,10
seafood,sour pork,10
seafood,salted fish,9
senegalese,lunch special,6
senegalese,yassa chicken,3
senegalese,yassa fish,3
senegalese,dibi chicken,2
senegalese,fish fillet,2
senegalese,house thiebaut,2
senegalese,lamb lunch,2
senegalese,saka saka,2
senegalese,thiou curry,2
senegalese,yassa lamb,2
senegalese,from ivory,1
senegalese,bissap sorrel,1
senegalese,bottled water,1
senegalese,brochette chicken,1
senegalese,caramel cake,1
senegalese,chicken 10,1
senegalese,chicken 5,1
senegalese,chicken lunch,1
senegalese,coconut beverage,1
senegalese,dibi lamb,1
senegalese,fillet lunch,1
senegalese,french fries,1
senegalese,fried plantain,1
senegalese,ga naar,1
senegalese,graine from,1
senegalese,grilled fish,1
senegalese,ivory coast,1
senegalese,jollof rice,1
senegalese,mango beverage,1
senegalese,pcs lunch,1
senegalese,pineapple beverage,1
senegalese,plantain fufu,1
senegalese,sauce graine,1
senegalese,shrimp lunch,1
senegalese,soda pop,1
senegalese,steamed cabbage,1
senegalese,thiebaut ga,1
senegalese,thiebaut jun,1
senegalese,veggie meal,1
senegalese,white rice,1
shaved ice,milk tea,23
shaved ice,noodle soup,11
shaved ice,rice box,9
shaved ice,braised pork,7
shaved ice,black tea,6
shaved ice,egg waffle,5
shaved ice,green tea,5
shaved ice,spicy beef,5
shaved ice,winter melon,5
shaved ice,beef noodle,4
shaved ice,oolong tea,4
shaved ice,tea mousse,4
shaved ice,bowl of,3
shaved ice,green milk,3
shaved ice,ground pork,3
shaved ice,passion fruit,3
shaved ice,peach oolong,3
shaved ice,shredded chicken,3
shaved ice,square q,3
shaved ice,stir fried,3
shaved ice,tea latte,3
shaved ice,tendon noodle,3
shaved ice,aiyu jelly,2
shaved ice,basil fried,2
shaved ice,bbq pork,2
shaved ice,bean curd,2
shaved ice,belly rice,2
shaved ice,black forest,2
shaved ice,braised chicken,2
shaved ice,chicken leg,2
shaved ice,chicken over,2
shaved ice,chili sauce,2
shaved ice,chocolate milk,2
shaved ice,cold noodle,2
shaved ice,crispy bbq,2
shaved ice,crispy spiced,2
shaved ice,fried rice,2
shaved ice,grass jelly,2
shaved ice,homemade potstickers,2
shaved ice,in thick,2
spanish,la plancha,4
spanish,tarta de,4
spanish,de pollo,3
spanish,cazuelita de,2
spanish,de buey,2
spanish,de chocolate,2
spanish,pincho de,2
spanish,tostada con,2
spanish,aceitunas aliÃ±adas,1
spanish,al ajillo,1
spanish,al albariÃ±o,1
spanish,al curry,1
spanish,al pastor,1
spanish,alcachofas marinada,1
spanish,alubias negras,1
spanish,banana foster,1
spanish,berenjena con,1
spanish,calamares a,1
spanish,calamares en,1
spanish,caldero madrileÃ±o,1
spanish,champiÃ±ones rellenos,1
spanish,chocolate heaven,1
spanish,chocolate y,1
spanish,chorizo y,1
spanish,con alioli,1
spanish,con berenjena,1
spanish,con centollo,1
spanish,con chocolate,1
spanish,con helado,1
spanish,con mousse,1
spanish,con pato,1
spanish,con queso,1
spanish,con salsa,1
spanish,con setas,1
spanish,con tocino,1
spanish,cordero al,1
spanish,crema con,1
spanish,crepe rellena,1
spanish,croquetas de,1
spanish,de alubias,1
spanish,de cabra,1
spanish,de calabaza,1
spanish,de hortalisas,1
spanish,de jamon,1
spanish,de mariscos,1
spanish,de pacanas,1
spanish,de pera,1
spanish,de solomillo,1
spanish,del dia,1
sportsbars,artichoke dip,2
sportsbars,a bun,1
sportsbars,all american,1
sportsbars,beef &,1
sportsbars,beef polish,1
sportsbars,beef sandwich,1
sportsbars,beer bottle,1
sportsbars,bottled water,1
sportsbars,buffalo wings,1
sportsbars,cheese dog,1
sportsbars,cheesy beef,1
sportsbars,chicago style,1
sportsbars,chili cheese,1
sportsbars,club soda,1
sportsbars,diet rite,1
sportsbars,dr. pepper,1
sportsbars,garlic bread,1
sportsbars,ginger ale,1
sportsbars,goose island,1
sportsbars,gravy bread,1
sportsbars,hot dog,1
sportsbars,hot giardeniara,1
sportsbars,hot tamale,1
sportsbars,island root,1
sportsbars,italian beef,1
sportsbars,italian cheesy,1
sportsbars,italian poorboy,1
sportsbars,jalapeno &,1
sportsbars,jalapeno peppers,1
sportsbars,meat lovers,1
sportsbars,natural gravy,1
sportsbars,our signature,1
sportsbars,pizza bread,1
sportsbars,root beer,1
sportsbars,signature italian,1
sportsbars,skippers sub,1
sportsbars,spinach &,1
sportsbars,style hot,1
sportsbars,supreme special,1
sportsbars,tamale boat,1
sportsbars,tamale on,1
sportsbars,the skippers,1
sportsbars,the supreme,1
sportsbars,the tuscan,1
sportsbars,turkey &,1
steak,crispy chicken,3
steak,garlic butter,3
steak,cheese ginoritos,2
steak,chicken taco,2
steak,gym shoe,2
steak,mac &,2
steak,or not,1
steak,all american,1
steak,all turf,1
steak,aloe vera,1
steak,amber's fire,1
steak,american cheeseburger,1
steak,amish chicken,1
steak,arugula salad,1
steak,au poivre,1
steak,bÃ©arnaise sauce,1
steak,baby iceberg,1
steak,baby octopus,1
steak,baked potato,1
steak,beef chicago,1
steak,berkshire pork,1
steak,bone-in rib,1
steak,bordelaise sauce,1
steak,bottled water,1
steak,braised short,1
steak,brick amish,1
steak,brussels sprouts,1
steak,butter cheddar,1
steak,butter cheese,1
steak,can soda,1
steak,can surf,1
steak,cfh burger,1
steak,cfh filet,1
steak,chateaubriand for,1
steak,cheddar fries,1
steak,cheese or,1
steak,cheese fries,1
steak,cheesy nuggets,1
steak,chicago polish,1
steak,chicago style,1
steak,chicken tenders,1
steak,chilled oysters,1
streetvendors,bottled drink,1
streetvendors,can soda,1
streetvendors,chicken wings,1
streetvendors,fruit cup,1
streetvendors,mixed fruit,1
streetvendors,oz. bottled,1
streetvendors,oz. can,1
streetvendors,piece chicken,1
sushi,fried rice,36
sushi,noodle soup,16
sushi,white tuna,13
sushi,tuna roll,11
sushi,chow fun,10
sushi,party tray,10
sushi,no coupons,9
sushi,bbq pork,9
sushi,tempura roll,9
sushi,egg foo,8
sushi,foo young,8
sushi,shrimp tempura,8
sushi,avocado roll,7
sushi,cucumber roll,7
sushi,dragon roll,7
sushi,miso soup,7
sushi,combination platter,6
sushi,rolls combination,6
sushi,spicy tuna,6
sushi,super white,6
sushi,avo roll,5
sushi,black pepper,5
sushi,cajun seafood,5
sushi,california roll,5
sushi,chicken plate,5
sushi,chicken teriyaki,5
sushi,chop suey,5
sushi,egg roll,5
sushi,grilled oyster,5
sushi,ice cream,5
sushi,mixed vegetables,5
sushi,seaweed salad,5
sushi,shrimp fried,5
sushi,spider roll,5
sushi,string beans,5
sushi,sweet potato,5
sushi,basket no,4
sushi,bean sauce,4
sushi,beef teriyaki,4
sushi,bento box,4
sushi,crab rangoon,4
sushi,don rice,4
szechuan,stir fried,30
szechuan,house special,26
szechuan,fish fillet,25
szechuan,sour pickle,24
szechuan,fried rice,22
szechuan,bean curd,18
szechuan,beef tenderloin,18
szechuan,sole fish,18
szechuan,shredded pork,17
szechuan,home style,16
szechuan,mixed vegetables,16
szechuan,chow mein,15
szechuan,garlic sauce,15
szechuan,chef's special,14
szechuan,green pepper,13
szechuan,kung pao,13
szechuan,pork intestine,13
szechuan,whole fish,13
szechuan,chili pepper,12
szechuan,chili sauce,11
szechuan,dry chili,11
szechuan,dry pot,11
szechuan,griddle cooked,11
szechuan,in hot,11
szechuan,family dinner,10
szechuan,pepper sauce,10
szechuan,sliced pork,10
szechuan,szechuan style,10
szechuan,bean sauce,9
szechuan,in chili,9
szechuan,pork kidney,9
tacos,include chips,5
tacos,catering chips,2
tacos,antique taco,2
tacos,taco salad,2
tacos,catering 10,1
tacos,catering antique,1
tacos,catering habanero,1
tacos,catering just,1
tacos,catering roasted,1
tacos,agua fresca,1
tacos,bottled drinks,1
tacos,carnita taco,1
tacos,cheesy quesadillas,1
tacos,chicken burrito,1
tacos,chicken taco,1
tacos,chili does,1
tacos,chorizo chili,1
tacos,creamed elote,1
tacos,crispy fish,1
tacos,crunchy taco,1
tacos,dip does,1
tacos,elote does,1
tacos,fish taco,1
tacos,fried chicken,1
tacos,garlic shrimp,1
tacos,grilled steak,1
tacos,guac does,1
tacos,habanero hot,1
tacos,horchata coffee,1
tacos,horchata milkshake,1
tacos,hot sauce,1
tacos,just chips,1
tacos,kids single,1
tacos,poblano taco,1
tacos,pork carnita,1
tacos,queso dip,1
tacos,roasted salsa,1
tacos,salad kale,1
tacos,salsa does,1
tacos,shrimp taco,1
tacos,single taco,1
tacos,special: crunchy,1
taiwanese,milk tea,29
taiwanese,combo set,25
taiwanese,noodle soup,24
taiwanese,fish fillet,22
taiwanese,pork chop,19
taiwanese,bean sauce,12
taiwanese,beef tenderloin,12
taiwanese,black bean,12
taiwanese,fried rice,12
taiwanese,in spicy,12
taiwanese,sauce combo,12
taiwanese,stir fried,12
taiwanese,black tea,11
taiwanese,fatty beef,9
taiwanese,rice box,9
taiwanese,xo sauce,9
taiwanese,black pepper,8
taiwanese,crispy fried,8
taiwanese,deep fried,8
taiwanese,ground pork,8
taiwanese,pepper sauce,8
taiwanese,teriyaki sauce,8
taiwanese,assorted mushrooms,7
taiwanese,braised pork,7
taiwanese,green tea,7
taiwanese,mayonnaise sauce,7
taiwanese,pork neck,7
taiwanese,beef noodle,6
taiwanese,crispy deep,6
taiwanese,curry sauce,6
taiwanese,enoki mushroom,6
taiwanese,fried squid,6
taiwanese,minced pork,6
tapasmallplates,la plancha,4
tapasmallplates,tarta de,4
tapasmallplates,de pollo,3
tapasmallplates,in hot,3
tapasmallplates,cazuelita de,2
tapasmallplates,de buey,2
tapasmallplates,de chocolate,2
tapasmallplates,hot pot,2
tapasmallplates,iced water,2
tapasmallplates,mixed vegetables,2
tapasmallplates,pincho de,2
tapasmallplates,pork feet,2
tapasmallplates,tostada con,2
tapasmallplates,water cake,2
tapasmallplates,aceitunas aliÃ±adas,1
tapasmallplates,al ajillo,1
tapasmallplates,al albariÃ±o,1
tapasmallplates,al curry,1
tapasmallplates,al pastor,1
tapasmallplates,alcachofas marinada,1
tapasmallplates,alubias negras,1
tapasmallplates,banana foster,1
tapasmallplates,bean curd,1
tapasmallplates,bell dumplings,1
tapasmallplates,berenjena con,1
tapasmallplates,brown sugar,1
tapasmallplates,calamares a,1
tapasmallplates,calamares en,1
tapasmallplates,caldero madrileÃ±o,1
tapasmallplates,champiÃ±ones rellenos,1
tapasmallplates,chicken feet,1
tapasmallplates,chicken gizzards,1
tapasmallplates,chicken leg,1
tapasmallplates,chinese sausages,1
tapasmallplates,chocolate heaven,1
tapasmallplates,chocolate y,1
tapasmallplates,chorizo y,1
tapasmallplates,coconut milk,1
tapasmallplates,con alioli,1
tapasmallplates,con berenjena,1
tapasmallplates,con centollo,1
tapasmallplates,con chocolate,1
tapasmallplates,con helado,1
tapasmallplates,con mousse,1
thai,fried rice,22
thai,party tray,10
thai,bbq pork,8
thai,crab rangoon,7
thai,egg foo,7
thai,foo young,7
thai,egg rolls,5
thai,noodle soup,5
thai,pad thai,5
thai,panang curry,5
thai,peanut sauce,5
thai,pla dook,5
thai,chop suey,4
thai,entree party,4
thai,kung po,4
thai,mixed vegetables,4
thai,pad ped,4
thai,pot stickers,4
thai,shrimp fried,4
thai,thai iced,4
thai,vegetable egg,4
thai,brown rice,3
thai,chicken fried,3
thai,chicken party,3
thai,chicken plate,3
thai,egg roll,3
thai,fried tofu,3
thai,garlic sauce,3
thai,general tso's,3
thai,iced coffee,3
thai,iced tea,3
thai,jumbo shrimp,3
thai,kra praow,3
thai,lard nar,3
thai,orange chicken,3
thai,pad kra,3
thai,pad prik,3
thai,seafood combination,3
thai,sesame chicken,3
thai,shrimp egg,3
thai,spring rolls,3
thai,tom yum,3
thai,woon sen,3
thai,bami pad,2
theater,big caesar..........serves,1
theater,billâ€ù thompson,1
theater,black jacks..........serves-2..........$5.95,1
theater,black jacks..........serves-4..........$9.95,1
theater,caesar..........serves 8-10..........$17.95,1
theater,call me,1
theater,da appetizers,1
theater,da hooch,1
theater,dinners include:,1
theater,donâ€™t call,1
theater,double black,1
theater,drink list,1
theater,frankieâ€™s feast,1
theater,hooch alcohol,1
theater,jimâ€ù colosimo,1
theater,little caesar..........serves-3-4.........$11.95,1
theater,little tramp,1
theater,martini list,1
theater,me chicken,1
theater,specialty drink,1
theater,the kingpin,1
theater,tramp shrimp..........serves-2..........$8.95,1
theater,wine list,1
tradamerican,caesar salad,8
tradamerican,chicken breast,8
tradamerican,french toast,8
tradamerican,beef sandwich,6
tradamerican,chicken salad,6
tradamerican,blt sandwich,4
tradamerican,cheese omelet,4
tradamerican,cheese sandwich,4
tradamerican,dinner portion,4
tradamerican,italian beef,4
tradamerican,kid's &,4
tradamerican,pork chop,4
tradamerican,pulled pork,4
tradamerican,scoop of,4
tradamerican,skirt steak,4
tradamerican,stir fry,4
tradamerican,tuna salad,4
tradamerican,broiled chicken,3
tradamerican,buffalo chicken,3
tradamerican,build your,3
tradamerican,cheese burger,3
tradamerican,chef lucianoâ€™s,3
tradamerican,chicken sandwich,3
tradamerican,chocolate chip,3
tradamerican,cinnamon apple,3
tradamerican,corned beef,3
tradamerican,cottage cheese,3
tradamerican,dinner salad,3
tradamerican,greek salad,3
tradamerican,grilled cheese,3
tradamerican,grilled chicken,3
tradamerican,hot dog,3
tradamerican,ice cream,3
tradamerican,italian salad,3
tradamerican,meat lovers,3
tradamerican,new york,3
tradamerican,onion rings,3
tradamerican,red velvet,3
tradamerican,root beer,3
tradamerican,salad sandwich,3
tradamerican,steak sandwich,3
tradamerican,tacos tacos,3
tradamerican,turkey sandwich,3
tradamerican,veggie burger,3
turkish,grilled chicken,3
turkish,kebab platter,3
turkish,shawarma kebab,2
turkish,cheese salad,2
turkish,chicken kebab,2
turkish,doner shawarma,2
turkish,grilled beef,2
turkish,turkish meatball,2
turkish,feraye platter,1
turkish,bar steak,1
turkish,base salad,1
turkish,beef kebab,1
turkish,beef steak,1
turkish,chicken salad,1
turkish,eggplant salad,1
turkish,falafel platter,1
turkish,falafel wrap,1
turkish,feta cheese,1
turkish,french fries,1
turkish,galata base,1
turkish,goat cheese,1
turkish,grilled turkish,1
turkish,homemade hummus,1
turkish,la turca,1
turkish,lamb doner,1
turkish,lentil soup,1
turkish,manti feraye,1
turkish,meatball platter,1
turkish,meatball wrap,1
turkish,meze platter,1
turkish,mixed meze,1
turkish,pan-seared salmon,1
turkish,salmon platter,1
turkish,salmon salad,1
turkish,steak platter,1
turkish,steak salad,1
turkish,turca lentil,1
turkish,wings 1,1
vegetarian,cesar salad,1
vegetarian,chardonnay salmon,1
vegetarian,cilantro rice,1
vegetarian,coconut shrimp,1
vegetarian,jerk cesar,1
vegetarian,pineapple cilantro,1
vegetarian,red snapper,1
vegetarian,snapper escovitch,1
vegetarian,the cuban,1
vietnamese,banh mi,11
vietnamese,grilled lemongrass,8
vietnamese,ca phe,7
vietnamese,egg roll,5
vietnamese,lemongrass pork,5
vietnamese,pork chop,5
vietnamese,beef noodle,4
vietnamese,fried rice,4
vietnamese,noodle soup,4
vietnamese,pho beef,4
vietnamese,pork banh,4
vietnamese,a stick,3
vietnamese,bean jelly,3
vietnamese,lemongrass chicken,3
vietnamese,pad thai,3
vietnamese,panang curry,3
vietnamese,phe sua,3
vietnamese,roll bowl,3
vietnamese,shrimp cake,3
vietnamese,spring roll,3
vietnamese,sunny egg,3
vietnamese,adventurer's choice,2
vietnamese,apple juice,2
vietnamese,apple salad,2
vietnamese,baby ribs,2
vietnamese,banana smoothie,2
vietnamese,bbq pork,2
vietnamese,beef short,2
vietnamese,breaded chicken,2
vietnamese,breaded pork,2
vietnamese,carrot juice,2
vietnamese,chocolate chip,2
vietnamese,choice of,2
vietnamese,crab rangoon,2
vietnamese,for the,2
vietnamese,fresh lemon,2
vietnamese,fried tofu,2
vietnamese,garlic chicken,2
vietnamese,green tea,2
vietnamese,iced tea,2
vietnamese,in the,2
vietnamese,julienne pork,2
vietnamese,lemon drink,2
vietnamese,mango in,2
whiskeybars,pulled pork,2
whiskeybars,slider trio,2
whiskeybars,bbq mini-quesadillas,1
whiskeybars,bbq nachos,1
whiskeybars,bbq ribs,1
whiskeybars,bbq sampler,1
whiskeybars,blackened shrimp,1
whiskeybars,brisket mac-n-cheese,1
whiskeybars,chicken $3\ngrilled,1
whiskeybars,garden salad,1
whiskeybars,greek salad,1
whiskeybars,grilled chicken,1
whiskeybars,loaded fries,1
whiskeybars,mac &,1
whiskeybars,mini-quesadillas 6pcs,1
whiskeybars,salmon $5,1
whiskeybars,shrimp $6\ngrilled,1
whiskeybars,smoked brisket,1
whiskeybars,taco special,1